Flow Duration,Total Fwd Packets,Total Backward Packets,Flow Packets/s,Flow Bytes/s,Avg Packet Size,FIN Flag Count,SYN Flag Count,RST Flag Count,PSH Flag Count,ACK Flag Count,URG Flag Count,ECE Flag Count,Fwd Packets Length Total,Bwd Packets Length Total,Flow IAT Mean,Flow IAT Std,Idle Mean,Protocol
0,0,0,0.0,0.0,78,0,1,0,0,0,0,0,0,0,0.0,0.0,0.0,TCP
45178000,0,0,0.045177999999999996,1460.888042852716,66,0,0,0,0,1,0,0,0,0,0.045177936553955,0.0,0.045177936553955,TCP
45399000,0,0,0.00022099999999999998,425339.3665158371,94,0,0,0,1,1,0,0,0,0,0.022699475288391002,0.022478461265563,0.022699475288391002,TCP
176082000,0,0,0.130683,505.0389109524575,66,0,0,0,0,1,0,0,0,0,0.058694044748942006,0.054111664255923,0.058694044748942006,TCP
176405000,0,0,0.000323,2108359.133126935,681,0,0,0,1,1,0,0,0,0,0.044101238250732006,0.05324381805329,0.044101238250732006,TCP
184263000,0,0,0.007858,12344.107915500126,97,0,0,0,0,0,0,0,0,0,0.036852598190307,0.049780462629589003,0.036852598190307,UDP
209874000,0,0,0.025611,3045.566358205459,78,0,1,0,0,0,0,0,0,0,0.034979025522867004,0.045635842153372005,0.034979025522867004,TCP
251017000,0,0,0.041143,1895.8267506015604,78,0,1,0,0,0,0,0,0,0,0.035859584808349006,0.042305600253741006,0.035859584808349006,TCP
432421000,0,0,0.18140399999999998,363.828802010981,66,0,0,0,0,1,0,0,0,0,0.054052621126174004,0.06231331582782001,0.054052621126174004,TCP
434186000,0,0,0.0017649999999999999,37393.76770538244,66,0,0,0,0,1,0,0,0,0,0.048242886861165006,0.061004381915676004,0.048242886861165006,TCP
434256000,0,0,7.000000000000001e-05,942857.142857143,66,0,0,0,0,1,0,0,0,0,0.043425607681274,0.05965095774499601,0.043425607681274,TCP
434303000,0,0,4.7000000000000004e-05,1404255.3191489363,66,0,0,0,0,1,0,0,0,0,0.039482095024802,0.058226056122079005,0.039482095024802,TCP
434426000,0,0,0.00012299999999999998,4739837.398373984,583,0,0,0,1,1,0,0,0,0,0.036202172438303,0.056798658650343004,0.036202172438303,TCP
434664000,0,0,0.00023799999999999998,2449579.831932773,583,0,0,0,1,1,0,0,0,0,0.033435693153968,0.055405486457099,0.033435693153968,TCP
434912000,0,0,0.000248,3012096.774193548,747,0,0,0,1,1,0,0,0,0,0.031065140451703003,0.054069885825732,0.031065140451703003,TCP
436275000,0,0,0.0013629999999999998,74834.92296404988,102,0,0,0,1,1,0,0,0,0,0.029085000356038,0.052759287493663,0.029085000356038,TCP
588687000,0,0,0.152412,433.0367687583655,66,0,0,0,0,1,0,0,0,0,0.036792933940887,0.059167175173513005,0.036792933940887,TCP
588717000,0,0,3.0000000000000004e-05,2200000.0,66,0,0,0,0,1,0,0,0,0,0.03463041081148,0.05804870348544101,0.03463041081148,TCP
590023000,0,0,0.0013059999999999999,385145.48238897393,503,0,0,0,1,1,0,0,0,0,0.032779057820638,0.056927293304794006,0.032779057820638,TCP
591241000,0,0,0.001218,412972.0853858785,503,0,0,0,1,1,0,0,0,0,0.031117953752216,0.055855344292442,0.031117953752216,TCP
643504000,0,0,0.052263,1262.843694391826,66,0,0,0,0,1,0,0,0,0,0.032175207138061004,0.05463576137880401,0.032175207138061004,TCP
644126000,0,0,0.0006219999999999999,106109.32475884244,66,0,0,0,0,1,0,0,0,0,0.030672663734072004,0.053740795816496004,0.030672663734072004,TCP
644213000,0,0,8.7e-05,758620.6896551724,66,0,0,0,0,1,0,0,0,0,0.029282407327131003,0.052890321929609005,0.029282407327131003,TCP
644717000,0,0,0.000504,130952.38095238095,66,0,0,0,0,1,0,0,0,0,0.028031172959700004,0.05205961575538601,0.028031172959700004,TCP
645942000,0,0,0.001225,53877.551020408166,66,0,0,0,0,1,0,0,0,0,0.026914248863856002,0.051244232748008,0.026914248863856002,TCP
646362000,0,0,0.00042,333333.3333333333,140,0,0,0,1,1,0,0,0,0,0.025854482650756003,0.050476598940192005,0.025854482650756003,TCP
646365000,0,0,3e-06,52666666.666666664,158,0,0,0,1,1,0,0,0,0,0.024860198681171,0.049745415873896005,0.024860198681171,TCP
646502000,0,0,0.000137,3963503.6496350365,543,0,0,0,1,1,0,0,0,0,0.023944519184253003,0.049038296300224,0.023944519184253003,TCP
646503000,0,0,1e-06,1436000000.0,1436,0,0,0,0,1,0,0,0,0,0.023089391844613002,0.048359218038633,0.023089391844613002,TCP
646507000,0,0,4e-06,359000000.0,1436,0,0,0,0,1,0,0,0,0,0.022293345681552,0.047704459059103005,0.022293345681552,TCP
646510000,0,0,3e-06,478666666.6666666,1436,0,0,0,0,1,0,0,0,0,0.021550337473551003,0.04707300721611601,0.021550337473551003,TCP
646512000,0,0,2e-06,718000000.0,1436,0,0,0,0,1,0,0,0,0,0.02085522682436,0.046463789768312,0.02085522682436,TCP
646513000,0,0,1e-06,1436000000.0,1436,0,0,0,0,1,0,0,0,0,0.020203530788421003,0.045875751564049,0.020203530788421003,TCP
646515000,0,0,2e-06,338500000.0,677,0,0,0,1,1,0,0,0,0,0.019591367605960003,0.045307848013325006,0.019591367605960003,TCP
767130000,0,0,0.120615,547.1956224350205,66,0,0,0,0,1,0,0,0,0,0.022562651073231,0.047788763622000005,0.022562651073231,TCP
769163000,0,0,0.002033,32464.338416133793,66,0,0,0,0,1,0,0,0,0,0.021976089477539002,0.047225134479504,0.021976089477539002,TCP
769206000,0,0,4.3e-05,1534883.7209302324,66,0,0,0,0,1,0,0,0,0,0.021366834640502003,0.046703904091623005,0.021366834640502003,TCP
769234000,0,0,2.8e-05,2357142.8571428573,66,0,0,0,0,1,0,0,0,0,0.020790106541401003,0.04619822485368601,0.020790106541401003,TCP
770262000,0,0,0.001028,1396887.159533074,1436,0,0,0,0,1,0,0,0,0,0.020270052709077002,0.045695926446983004,0.020270052709077002,TCP
770263000,0,0,1e-06,1436000000.0,1436,0,0,0,0,1,0,0,0,0,0.019750332221006,0.045219911224769004,0.019750332221006,TCP
770277000,0,0,1.4e-05,62500000.0,875,0,0,0,1,1,0,0,0,0,0.019256925582885002,0.044757277801579,0.019256925582885002,TCP
770394000,0,0,0.000117,564102.5641025641,66,0,0,0,0,1,0,0,0,0,0.018790099678969,0.04430656945855,0.018790099678969,TCP
772197000,0,0,0.001803,796450.3605102607,1436,0,0,0,0,1,0,0,0,0,0.018385643050784002,0.043852471732788,0.018385643050784002,TCP
772212000,0,0,1.5000000000000002e-05,33333333.333333332,500,0,0,0,1,1,0,0,0,0,0.017958419267521,0.043427909000820004,0.017958419267521,TCP
824682000,0,0,0.05247,1257.8616352201257,66,0,0,0,0,1,0,0,0,0,0.01874277266589,0.043238571492564,0.01874277266589,TCP
824916000,0,0,0.000234,414529.91452991456,97,0,0,0,1,1,0,0,0,0,0.018331469429863002,0.042842402708964,0.018331469429863002,TCP
956081000,0,0,0.131165,503.183013761293,66,0,0,0,0,1,0,0,0,0,0.020784372868745002,0.045456825711938,0.020784372868745002,TCP
956134000,0,0,5.3e-05,1245283.0188679246,66,0,0,0,0,1,0,0,0,0,0.020343278316741,0.045070041570324,0.020343278316741,TCP
956156000,0,0,2.2000000000000003e-05,3000000.0,66,0,0,0,0,1,0,0,0,0,0.019919916987419,0.044692435079268004,0.019919916987419,TCP
956167000,0,0,1.1000000000000001e-05,6000000.0,66,0,0,0,0,1,0,0,0,0,0.019513611890831003,0.044323517812118005,0.019513611890831003,TCP
956846000,0,0,0.0006789999999999999,132547.86450662737,90,0,0,0,1,1,0,0,0,0,0.01913691997528,0.043957202933981004,0.01913691997528,TCP
956909000,0,0,6.3e-05,1047619.0476190476,66,1,0,0,0,1,0,0,0,0,0.018762920417037,0.043604386235195004,0.018762920417037,TCP
957223000,0,0,0.000314,286624.20382165606,90,0,0,0,1,1,0,0,0,0,0.018408133433415002,0.043257343701541,0.018408133433415002,TCP
957247000,0,0,2.4e-05,2750000.0,66,1,0,0,0,1,0,0,0,0,0.018061264505926003,0.042920259834881,0.018061264505926003,TCP
999835000,0,0,0.042588,1549.7323189630881,66,0,0,0,0,1,0,0,0,0,0.018515463228578003,0.042649367554764006,0.018515463228578003,TCP
1474984000,0,0,0.475149,138.90379649331052,66,1,0,0,0,1,0,0,0,0,0.02681788964705,0.07421678891435901,0.02681788964705,TCP
1673122000,0,0,0.19813799999999998,333.10117191048664,66,0,0,0,0,1,0,0,0,0,0.029877177306583003,0.076970971899865,0.029877177306583003,TCP
2377384000,0,0,0.7042619999999999,1834.544530302643,1292,0,0,0,0,0,0,0,0,0,0.041708490304779,0.11687373336210001,0.041708490304779,UDP
2421959000,0,0,0.044575,1749.8597868760517,78,0,1,0,0,0,0,0,0,0,0.041757916582041005,0.115862421443918,0.041757916582041005,TCP
2457435000,0,0,0.035476,36418.98748449656,1292,0,0,0,0,0,0,0,0,0,0.041651442899542,0.114879202198244,0.041651442899542,UDP
2534081000,0,0,0.07664599999999999,861.1016882811888,66,0,0,0,0,1,0,0,0,0,0.042234683036804006,0.11400590870863601,0.042234683036804006,TCP
2534604000,0,0,0.000523,1663479.9235181643,870,0,0,0,1,1,0,0,0,0,0.041550886435586,0.113191566037768,0.041550886435586,TCP
2536291000,0,0,0.001687,765856.5500889153,1292,0,0,0,0,0,0,0,0,0,0.040907921329621004,0.11238726698320702,0.040907921329621004,UDP
2536341000,0,0,5e-05,4200000.0,210,0,0,0,0,0,0,0,0,0,0.040259380189199,0.11160862371194201,0.040259380189199,UDP
2536911000,0,0,0.0005700000000000001,1580701.754385965,901,0,0,0,0,0,0,0,0,0,0.039639234542846,0.11084259510560901,0.039639234542846,UDP
2547943000,0,0,0.011032,7795.50398839739,86,0,0,0,0,0,0,0,0,0,0.039199124849759,0.11004299541251,0.039199124849759,UDP
2548043000,0,0,0.0001,890000.0,89,0,0,0,0,0,0,0,0,0,0.038606712312409,0.109310548804359,0.038606712312409,UDP
2548306000,0,0,0.000263,250950.57034220532,66,0,0,0,0,1,0,0,0,0,0.038034417735996,0.10859130826790901,0.038034417735996,TCP
2548673000,0,0,0.000367,354223.4332425068,130,0,0,0,1,1,0,0,0,0,0.037480487542993005,0.10788520563329801,0.037480487542993005,TCP
2558573000,0,0,0.0099,6666.666666666666,66,0,0,0,0,1,0,0,0,0,0.037080768225849006,0.10715128565623701,0.037080768225849006,TCP
2588379000,0,0,0.029806,2885.32510232839,86,0,0,0,0,0,0,0,0,0,0.036976844923836,0.106386668571481,0.036976844923836,UDP
2671750000,0,0,0.083371,1031.5337467464706,86,0,0,0,0,0,0,0,0,0,0.037630282657247,0.105776186942635,0.037630282657247,UDP
2730530000,0,0,0.058780000000000006,1326.9819666553249,78,0,1,0,0,0,0,0,0,0,0.037924028105205,0.105068219797981,0.037924028105205,TCP
2922981000,0,0,0.19245099999999998,2665.6135847566393,513,0,0,0,0,0,0,0,0,0,0.040040835942307,0.10588073541468,0.040040835942307,UDP
2984315000,0,0,0.061334,1271.725307333616,78,0,1,0,0,0,0,0,0,0,0.040328583201846006,0.105191625466342,0.040328583201846006,TCP
3050218000,0,0,0.065903,1001.4718601581111,66,0,0,0,0,1,0,0,0,0,0.040669574737548,0.10452916049682201,0.040669574737548,TCP
3050522000,0,0,0.00030399999999999996,2240131.578947368,681,0,0,0,1,1,0,0,0,0,0.040138448539533,0.10394101605950301,0.040138448539533,TCP
3074224000,0,0,0.023701999999999997,21643.743144038475,513,0,0,0,0,0,0,0,0,0,0.039924986950762006,0.10328063506613301,0.039924986950762006,UDP
3083688000,0,0,0.009464,9192.7303465765,87,0,0,0,0,0,0,0,0,0,0.039534461803925,0.10267364728403701,0.039534461803925,UDP
3100763000,0,0,0.017075,5095.1683748169835,87,0,0,0,0,0,0,0,0,0,0.039250165601319005,0.102052636676772,0.039250165601319005,UDP
3224302000,0,0,0.123539,534.2442467560851,66,0,0,0,0,1,0,0,0,0,0.040303775668144005,0.10184426264735201,0.040303775668144005,TCP
3224559000,0,0,0.000257,3023346.3035019455,777,0,0,0,1,1,0,0,0,0,0.039809371218269,0.10131019780118901,0.039809371218269,TCP
3250696000,0,0,0.026137,2525.155909247427,66,0,0,0,0,1,0,0,0,0,0.03964263346137,0.100701739508745,0.03964263346137,TCP
3251470000,0,0,0.000774,965116.2790697674,747,0,0,0,1,1,0,0,0,0,0.039174338421189,0.100183053261871,0.039174338421189,TCP
3574408000,0,0,0.322938,204.37359493153485,66,0,0,0,0,1,0,0,0,0,0.042552476837521,0.104232150952018,0.042552476837521,TCP
3575961000,0,0,0.001553,42498.390212491955,66,0,0,0,0,1,0,0,0,0,0.042070130740894,0.103711468814976,0.042070130740894,TCP
3576004000,0,0,4.3e-05,1534883.7209302324,66,0,0,0,0,1,0,0,0,0,0.041581442189771,0.10320512390012,0.041581442189771,TCP
3576017000,0,0,1.3000000000000001e-05,5076923.076923077,66,0,0,0,0,1,0,0,0,0,0.041103645302783,0.10270589963390801,0.041103645302783,TCP
3576619000,0,0,0.000602,232558.13953488372,140,0,0,0,1,1,0,0,0,0,0.040643399411981,0.10221086716739701,0.040643399411981,TCP
3578015000,0,0,0.0013959999999999999,603868.1948424068,843,0,0,0,1,1,0,0,0,0,0.04020241673073,0.101719180290325,0.04020241673073,TCP
3578224000,0,0,0.00020899999999999998,755980.8612440191,158,0,0,0,1,1,0,0,0,0,0.039758043819003004,0.10123932968825901,0.039758043819003004,TCP
3578540000,0,0,0.000316,1721518.9873417723,544,0,0,0,1,1,0,0,0,0,0.03932461633787,0.10076546248696001,0.03932461633787,TCP
3578608000,0,0,6.8e-05,21117647.05882353,1436,0,0,0,0,1,0,0,0,0,0.038897913435231,0.100298959210579,0.038897913435231,TCP
3578612000,0,0,4e-06,359000000.0,1436,0,0,0,0,1,0,0,0,0,0.038479699883409005,0.099838877647067,0.038479699883409005,TCP
3578613000,0,0,1e-06,1436000000.0,1436,0,0,0,0,1,0,0,0,0,0.038070351519483,0.099384831308246,0.038070351519483,TCP
3578627000,0,0,1.4e-05,16928571.42857143,237,0,0,0,1,1,0,0,0,0,0.037669759047658,0.09893663240495601,0.037669759047658,TCP
3673612000,0,0,0.094985,694.8465547191662,66,0,0,0,0,1,0,0,0,0,0.038266792893409,0.09859186999800201,0.038266792893409,TCP
3674591000,0,0,0.000979,96016.34320735444,94,0,0,0,1,1,0,0,0,0,0.037882382107764005,0.09815463842367701,0.037882382107764005,TCP
3763173000,0,0,0.088582,745.0723623309476,66,0,0,0,0,1,0,0,0,0,0.038399725544209,0.097785402865941,0.038399725544209,TCP
3763434000,0,0,0.000261,371647.50957854406,97,0,0,0,1,1,0,0,0,0,0.038014484174323,0.09736500180212,0.038014484174323,TCP
3764177000,0,0,0.000743,88829.07133243607,66,0,0,0,0,1,0,0,0,0,0.037641770839691,0.096947907393192,0.037641770839691,TCP
3764207000,0,0,3.0000000000000004e-05,47866666.666666664,1436,0,0,0,0,1,0,0,0,0,0.037269377472377005,0.09653862463427901,0.037269377472377005,TCP
3764219000,0,0,1.2e-05,8083333.333333333,97,0,0,0,1,1,0,0,0,0,0.036904108290578004,0.09613434328194101,0.036904108290578004,TCP
3764232000,0,0,1.3000000000000001e-05,7461538.461538462,97,0,0,0,1,1,0,0,0,0,0.036545943287969,0.095734896510133,0.036545943287969,TCP
3764251000,0,0,1.9000000000000004e-05,3473684.2105263155,66,0,0,0,0,1,0,0,0,0,0.036194721093544005,0.09534017802230801,0.036194721093544005,TCP
3764284000,0,0,3.3e-05,1999999.9999999998,66,0,0,0,0,1,0,0,0,0,0.035850325084867005,0.09495007002398201,0.035850325084867005,TCP
3765305000,0,0,0.001021,137120.47012732615,140,0,0,0,1,1,0,0,0,0,0.035521745681762,0.094561091503156,0.035521745681762,TCP
3937095000,0,0,0.17179000000000003,384.18999941789394,66,0,0,0,0,1,0,0,0,0,0.036795281918249004,0.09502711520172501,0.036795281918249004,TCP
3940192000,0,0,0.003097,21310.946076848562,66,0,0,0,0,1,0,0,0,0,0.036483259112746004,0.094641203658888,0.036483259112746004,TCP
4297315000,0,0,0.35712299999999997,184.81027545131508,66,0,0,0,0,1,0,0,0,0,0.039424909364192004,0.09904211517544001,0.039424909364192004,TCP
4297591000,0,0,0.000276,340579.71014492755,94,0,0,0,1,1,0,0,0,0,0.039069008827209005,0.09866089022980401,0.039069008827209005,TCP
4875274000,0,0,0.577683,114.24951054471052,66,0,0,0,0,1,0,0,0,0,0.043921386873399006,0.110617769022435,0.043921386873399006,TCP
4877037000,0,0,0.001763,53318.20760068066,94,0,0,0,1,1,0,0,0,0,0.043544973645891,0.11019421706579201,0.043544973645891,TCP
5693156000,0,0,0.8161189999999999,80.8705593179426,66,0,0,0,0,1,0,0,0,0,0.05038191153939801,0.131417669992584,0.05038191153939801,TCP
5693852000,0,0,0.000696,135057.4712643678,94,0,0,0,1,1,0,0,0,0,0.049946069717407005,0.130922010084948,0.049946069717407005,TCP
5933639000,0,0,0.239787,2139.3987163607703,513,0,0,0,0,0,0,0,0,0,0.051596861300261004,0.131537778341852,0.051596861300261004,UDP
5954692000,0,0,0.021053,4132.427682515557,87,0,0,0,0,0,0,0,0,0,0.051333552804486,0.131000013176912,0.051333552804486,UDP
5970397000,0,0,0.015705,5539.6370582617,87,0,0,0,0,0,0,0,0,0,0.051029034149952,0.130480209518685,0.051029034149952,UDP
6215940000,0,0,0.24554299999999998,317.66330133622216,78,0,1,0,0,0,0,0,0,0,0.052677457615480004,0.13114392393427501,0.052677457615480004,TCP
6357916000,0,0,0.141976,464.86730151574915,66,0,0,0,0,1,0,0,0,0,0.053427866527012,0.130845898098888,0.053427866527012,TCP
6358200000,0,0,0.00028399999999999996,2052816.9014084507,583,0,0,0,1,1,0,0,0,0,0.052985000610351,0.130389096438661,0.052985000610351,TCP
6500091000,0,0,0.141891,465.14578091633723,66,0,0,0,0,1,0,0,0,0,0.053719760957828,0.130098402967103,0.053719760957828,TCP
6501055000,0,0,0.0009639999999999999,521784.23236514523,503,0,0,0,1,1,0,0,0,0,0.053287336083709,0.12965140191181102,0.053287336083709,TCP
6562921000,0,0,0.061866,1066.8218407525944,66,1,0,0,0,1,0,0,0,0,0.053357081684639006,0.129125586126486,0.053357081684639006,TCP
6563262000,0,0,0.000341,193548.38709677418,66,1,0,0,0,1,0,0,0,0,0.052929532143377006,0.128691251378271,0.052929532143377006,TCP
6628413000,0,0,0.065151,1013.0312658286135,66,1,0,0,0,1,0,0,0,0,0.053027303695678006,0.128180076556902,0.053027303695678006,TCP
6716441000,0,0,0.088028,749.7614395419639,66,0,0,0,0,1,0,0,0,0,0.053305088527618005,0.127708181822924,0.053305088527618005,TCP
6718197000,0,0,0.001756,37585.42141230068,66,0,0,0,0,1,0,0,0,0,0.052899189821378007,0.127285970812218,0.052899189821378007,TCP
6718886000,0,0,0.0006889999999999999,2084179.9709724237,1436,0,0,0,0,1,0,0,0,0,0.05249129794538,0.126871084827298,0.05249129794538,TCP
6718909000,0,0,2.3e-05,17826086.95652174,410,0,0,0,1,1,0,0,0,0,0.05208456608676101,0.126462128736888,0.05208456608676101,TCP
6726979000,0,0,0.00807,8178.438661710036,66,0,0,0,0,1,0,0,0,0,0.051745992440443006,0.12603347574700702,0.051745992440443006,TCP
6856229000,0,0,0.12925,11110.251450676982,1436,0,0,0,0,1,0,0,0,0,0.052337626464494004,0.125732596294369,0.052337626464494004,TCP
6866918000,0,0,0.010688999999999999,6174.571989896154,66,0,0,0,0,1,0,0,0,0,0.052022106719739,0.125307479444976,0.052022106719739,TCP
6886788000,0,0,0.019870000000000002,3321.5903371917466,66,0,0,0,0,1,0,0,0,0,0.051780361878244,0.12486640331625401,0.051780361878244,TCP
6936715000,0,0,0.049927,1321.930017826026,66,0,0,0,0,1,0,0,0,0,0.051766530791325004,0.12439971365175001,0.051766530791325004,TCP
6937678000,0,0,0.000963,93457.94392523365,90,0,0,0,1,1,0,0,0,0,0.051390208138359005,0.124014651953363,0.051390208138359005,TCP
6937754000,0,0,7.6e-05,868421.0526315789,66,1,0,0,0,1,0,0,0,0,0.05101289819268601,0.12363562323649702,0.05101289819268601,TCP
8572433000,0,0,1.634679,47.715790072546355,78,0,1,0,0,0,0,0,0,0,0.062572503611989,0.182611941893835,0.062572503611989,TCP
8816644000,0,0,0.24421099999999998,270.25809648214045,66,0,0,0,0,1,0,0,0,0,0.063888724299444,0.18260016257000503,0.063888724299444,TCP
8817076000,0,0,0.000432,152777.77777777778,66,0,0,0,0,1,0,0,0,0,0.063432201207112,0.18202116363849402,0.063432201207112,TCP
8817302000,0,0,0.000226,2579646.017699115,583,0,0,0,1,1,0,0,0,0,0.062980728490012,0.18144801189883,0.062980728490012,TCP
8818556000,0,0,0.001254,98883.5725677831,124,0,0,0,1,1,0,0,0,0,0.062542950853388,0.18087761819012102,0.062542950853388,TCP
8961015000,0,0,0.142459,463.291192553647,66,0,0,0,0,1,0,0,0,0,0.06310573933829701,0.180363445382887,0.06310573933829701,TCP
8961997000,0,0,0.000982,512219.9592668024,503,0,0,0,1,1,0,0,0,0,0.062671307917241,0.17980623700626702,0.062671307917241,TCP
9063239000,0,0,0.101242,770.4312439501393,78,0,1,0,0,0,0,0,0,0,0.062939160399966,0.17920944880592402,0.062939160399966,TCP
9168848000,0,0,0.105609,909.0134363548561,96,0,0,0,0,0,0,0,0,0,0.063233434742894,0.178625324988114,0.063233434742894,UDP
9169659000,0,0,0.000811,182490.75215782985,148,0,0,0,0,0,0,0,0,0,0.062805884504971,0.17808697726112802,0.062805884504971,UDP
9313612000,0,0,0.143953,541.8435183705793,78,0,1,0,0,0,0,0,0,0,0.063357904654781,0.17760549934237302,0.063357904654781,TCP
9338246000,0,0,0.024634,2679.223836973289,66,0,0,0,0,1,0,0,0,0,0.063096257480415,0.17703288877175902,0.063096257480415,TCP
9340265000,0,0,0.002019,32689.450222882617,66,0,0,0,0,1,0,0,0,0,0.062686342521001,0.17650827826696602,0.062686342521001,TCP
9340336000,0,0,7.1e-05,929577.4647887324,66,0,0,0,0,1,0,0,0,0,0.062268907229105004,0.175992712148369,0.062268907229105004,TCP
9340363000,0,0,2.7000000000000002e-05,2444444.4444444445,66,0,0,0,0,1,0,0,0,0,0.06185670877924,0.17548161949147,0.06185670877924,TCP
9340533000,0,0,0.00017,4382352.94117647,745,0,0,0,1,1,0,0,0,0,0.061450875119159004,0.17497450626538102,0.061450875119159004,TCP
9341323000,0,0,0.00079,1817721.5189873418,1436,0,0,0,0,1,0,0,0,0,0.061054399590087,0.17447024408573902,0.061054399590087,TCP
9341330000,0,0,7e-06,151142857.14285713,1058,0,0,0,1,1,0,0,0,0,0.060657987346896,0.17397197312016602,0.060657987346896,TCP
9506011000,0,0,0.164681,400.77483134059185,66,0,0,0,0,1,0,0,0,0,0.06132910328526601,0.173609741649726,0.06132910328526601,TCP
9506260000,0,0,0.000249,2991967.871485944,745,0,0,0,1,1,0,0,0,0,0.060937565106611004,0.173121046973393,0.060937565106611004,TCP
9526215000,0,0,0.019955,3307.4417439238287,66,0,0,0,0,1,0,0,0,0,0.060676529149340006,0.172599621311638,0.060676529149340006,TCP
9527090000,0,0,0.0008749999999999999,926857.1428571428,811,0,0,0,1,1,0,0,0,0,0.060298038434378004,0.172117901625904,0.060298038434378004,TCP
9609387000,0,0,0.082297,801.9733404619853,66,0,0,0,0,1,0,0,0,0,0.0604363972286,0.171584610660372,0.0604363972286,TCP
9678700000,0,0,0.069313,952.2023285675126,66,0,0,0,0,1,0,0,0,0,0.060491874814033,0.171048998793796,0.060491874814033,TCP
9679616000,0,0,0.0009159999999999999,885371.1790393012,811,0,0,0,1,1,0,0,0,0,0.060121838350473,0.170581192071515,0.060121838350473,TCP
9862254000,0,0,0.182638,361.3705800545341,66,0,0,0,0,1,0,0,0,0,0.060878111992353004,0.17032442595570202,0.060878111992353004,TCP
9865276000,0,0,0.003022,21839.84116479153,66,0,0,0,0,1,0,0,0,0,0.060523166246940006,0.169861243111312,0.060523166246940006,TCP
9865403000,0,0,0.000127,519685.03937007877,66,0,0,0,0,1,0,0,0,0,0.060154895956923006,0.169407840723231,0.060154895956923006,TCP
9865597000,0,0,0.000194,340206.1855670103,66,0,0,0,0,1,0,0,0,0,0.059791497028235004,0.16895780747076503,0.059791497028235004,TCP
9865729000,0,0,0.00013199999999999998,1060606.0606060605,140,0,0,0,1,1,0,0,0,0,0.059432102973202006,0.16851137784181502,0.059432102973202006,TCP
9865784000,0,0,5.5e-05,1200000.0,66,0,0,0,0,1,0,0,0,0,0.059076550477992006,0.16806853764461402,0.059076550477992006,TCP
9866447000,0,0,0.000663,211161.38763197587,140,0,0,0,1,1,0,0,0,0,0.058728851023174,0.16762781897067702,0.058728851023174,TCP
9866487000,0,0,4e-05,1649999.9999999998,66,1,0,0,0,1,0,0,0,0,0.058381580036772004,0.167191743913394,0.058381580036772004,TCP
9866576000,0,0,8.900000000000001e-05,1775280.8988764046,158,0,0,0,1,1,0,0,0,0,0.058038682096144004,0.166758868446542,0.058038682096144004,TCP
9867005000,0,0,0.00042899999999999997,1268065.268065268,544,0,0,0,1,1,0,0,0,0,0.05770178426776001,0.16632856731585002,0.05770178426776001,TCP
9925928000,0,0,0.058922999999999996,24370.78899580809,1436,0,0,0,0,1,0,0,0,0,0.057708884394446006,0.165844375196901,0.057708884394446006,TCP
9925930000,0,0,2e-06,718000000.0,1436,0,0,0,0,1,0,0,0,0,0.05737531805314001,0.165422217074521,0.05737531805314001,TCP
9925933000,0,0,3e-06,478666666.6666666,1436,0,0,0,0,1,0,0,0,0,0.057045592658821004,0.16500318470300102,0.057045592658821004,TCP
9925936000,0,0,3e-06,478666666.6666666,1436,0,0,0,0,1,0,0,0,0,0.056719634192330004,0.16458724385708,0.056719634192330004,TCP
9925938000,0,0,2e-06,718000000.0,1436,0,0,0,0,1,0,0,0,0,0.056397375735369,0.16417435892985702,0.056397375735369,TCP
9925941000,0,0,3e-06,478666666.6666666,1436,0,0,0,0,1,0,0,0,0,0.056078762657898004,0.163764491162739,0.056078762657898004,TCP
9925943000,0,0,2e-06,718000000.0,1436,0,0,0,0,1,0,0,0,0,0.05576372548435501,0.163357607941609,0.05576372548435501,TCP
9925945000,0,0,2e-06,718000000.0,1436,0,0,0,0,1,0,0,0,0,0.055452206947284005,0.162953673479959,0.055452206947284005,TCP
9925948000,0,0,3e-06,260000000.0,780,0,0,0,1,1,0,0,0,0,0.055144156350029006,0.162552650766217,0.055144156350029006,TCP
9925949000,0,0,1e-06,513000000.0,513,0,0,0,0,0,0,0,0,0,0.05483949777171,0.16215451232094502,0.05483949777171,UDP
9955691000,0,0,0.029741999999999998,2925.1563445632437,87,0,0,0,0,0,0,0,0,0,0.05470159944597101,0.161719061193822,0.05470159944597101,UDP
9973848000,0,0,0.018157,4791.54045271796,87,0,0,0,0,0,0,0,0,0,0.054501902210256005,0.16129910062163902,0.054501902210256005,UDP
10010534000,0,0,0.036685999999999996,1799.0514092569372,66,0,0,0,0,1,0,0,0,0,0.054405076348263005,0.160865523401882,0.054405076348263005,TCP
10011636000,0,0,0.001102,81669.69147005446,90,0,0,0,1,1,0,0,0,0,0.054116951452719005,0.160477761717526,0.054116951452719005,TCP
10011712000,0,0,7.6e-05,868421.0526315789,66,1,0,0,0,1,0,0,0,0,0.053826409001504004,0.16009456947032902,0.053826409001504004,TCP
10035675000,0,0,0.023962999999999998,2253.474105913283,54,0,0,1,0,0,0,0,0,0,0.053666711491059005,0.159680789430267,0.053666711491059005,TCP
10036912000,0,0,0.001237,43654.00161681487,54,0,0,1,0,0,0,0,0,0,0.053387829597960006,0.159301195981312,0.053387829597960006,TCP
10041254000,0,0,0.0043419999999999995,15200.368493781667,66,0,0,0,0,1,0,0,0,0,0.05312832827290501,0.158919042214637,0.05312832827290501,TCP
10041290000,0,0,3.6e-05,1833333.3333333333,66,0,0,0,0,1,0,0,0,0,0.052848894972550006,0.158546829763824,0.052848894972550006,TCP
10041368000,0,0,7.8e-05,1243589.7435897435,97,0,0,0,1,1,0,0,0,0,0.052572607369947004,0.158177093818116,0.052572607369947004,TCP
10042422000,0,0,0.001054,62618.59582542694,66,0,0,0,0,1,0,0,0,0,0.052304281542698006,0.15780821368460302,0.052304281542698006,TCP
10217955000,0,0,0.175533,375.99767565073233,66,0,0,0,0,1,0,0,0,0,0.052942772603405006,0.157647301843568,0.052942772603405006,TCP
10290132000,0,0,0.07217699999999999,1856.5470994915277,134,0,0,0,1,1,0,0,0,0,0.053041917761576005,0.15724650192337702,0.053041917761576005,TCP
11351339000,0,0,1.061207,94.23232225192635,100,0,0,0,0,0,0,0,0,0,0.058211995393801,0.17258395732029402,0.058211995393801,UDP
11351456000,0,0,0.000117,854700.8547008547,100,0,0,0,0,0,0,0,0,0,0.057915592680172004,0.172192881807574,0.057915592680172004,UDP
11461791000,0,0,0.11033499999999999,11709.792903430462,1292,0,0,0,0,0,0,0,0,0,0.058181680398544,0.17179568179308702,0.058181680398544,UDP
11510380000,0,0,0.048589,1605.3016114758484,78,0,1,0,0,0,0,0,0,0,0.05813323247312201,0.17136265435116602,0.05813323247312201,TCP
11519534000,0,0,0.009153999999999999,141140.48503386497,1292,0,0,0,0,0,0,0,0,0,0.057887106085542005,0.17096663468352002,0.057887106085542005,UDP
11519593000,0,0,5.900000000000001e-05,3423728.813559322,202,0,0,0,0,0,0,0,0,0,0.05759796500205901,0.17058745304036402,0.05759796500205901,UDP
11521066000,0,0,0.001473,285811.2695179905,421,0,0,0,0,0,0,0,0,0,0.057318736071610005,0.170208391041129,0.057318736071610005,UDP
11544406000,0,0,0.023340000000000003,2827.763496143959,66,0,0,0,0,1,0,0,0,0,0.05715052444155801,0.169803308057724,0.05715052444155801,TCP
11545164000,0,0,0.000758,1232189.9736147758,934,0,0,0,1,1,0,0,0,0,0.056872729597420006,0.169430565349242,0.056872729597420006,TCP
11554238000,0,0,0.009073999999999999,8044.963632356182,73,0,0,0,0,0,0,0,0,0,0.056638421965580006,0.169047750619835,0.056638421965580006,UDP
11558408000,0,0,0.00417,15827.338129496402,66,1,0,0,0,1,0,0,0,0,0.056382478155740004,0.168674552830851,0.056382478155740004,TCP
11581752000,0,0,0.023344,3169.979437971213,74,0,0,0,0,0,0,0,0,0,0.05622209738759101,0.16828031858096001,0.05622209738759101,UDP
11595616000,0,0,0.013864,4760.530871321408,66,0,0,0,0,1,0,0,0,0,0.056017469092843004,0.16789904166010602,0.056017469092843004,TCP
11596293000,0,0,0.000677,192023.63367799114,130,0,0,0,1,1,0,0,0,0,0.055751408521945,0.167538688317967,0.055751408521945,TCP
11607503000,0,0,0.011210000000000001,5887.600356824264,66,0,0,0,0,1,0,0,0,0,0.055538291566109003,0.167165656614071,0.055538291566109003,TCP
11630554000,0,0,0.023051,2863.216346362414,66,1,0,0,0,1,0,0,0,0,0.055383590289524005,0.166782164139609,0.055383590289524005,TCP
11656688000,0,0,0.026133999999999998,2525.445779444402,66,0,0,0,0,1,0,0,0,0,0.05524496670582801,0.166398602698655,0.05524496670582801,TCP
11750323000,0,0,0.093635,704.8646339509799,66,0,0,0,0,1,0,0,0,0,0.055426052156484,0.166026527913768,0.055426052156484,TCP
11961109000,0,0,0.210786,365.29940318616985,77,0,0,0,0,0,0,0,0,0,0.056155442072192,0.16597644945209,0.056155442072192,UDP
11961297000,0,0,0.000188,398936.170212766,75,0,0,0,0,0,0,0,0,0,0.05589391137952,0.16563218524772902,0.05589391137952,UDP
11965804000,0,0,0.004507,72775.68227202131,328,0,0,0,0,0,0,0,0,0,0.055654902790868,0.16528353053407002,0.055654902790868,UDP
12012661000,0,0,0.046856999999999996,1579.273107539962,74,0,0,0,0,0,0,0,0,0,0.055614171204743004,0.16490156746880902,0.055614171204743004,UDP
12248307000,0,0,0.235646,326.76132843332795,77,0,0,0,0,0,0,0,0,0,0.056443811012303,0.16497238874118902,0.056443811012303,UDP
12345574000,0,0,0.09726699999999999,740.2304995527774,72,0,0,0,0,0,0,0,0,0,0.056631074039214004,0.16461669160199502,0.056631074039214004,UDP
12484045000,0,0,0.13847099999999998,476.63409667006084,66,0,0,0,0,1,0,0,0,0,0.057004771820486,0.16433307856154503,0.057004771820486,TCP
12488713000,0,0,0.004667999999999999,21850.89974293059,102,0,0,0,1,1,0,0,0,0,0.056766877391121004,0.163996960652513,0.056766877391121004,TCP
12840726000,0,0,0.35201299999999996,187.4930755398238,66,0,0,0,0,1,0,0,0,0,0.058102833199824004,0.164820985920053,0.058102833199824004,TCP
12841978000,0,0,0.0012519999999999999,75878.59424920127,95,0,0,0,1,1,0,0,0,0,0.057846748077117004,0.164493408109834,0.057846748077117004,TCP
12926963000,0,0,0.08498499999999999,6036.359357533682,513,0,0,0,0,0,0,0,0,0,0.05796844435379601,0.164134190345846,0.05796844435379601,UDP
12973366000,0,0,0.046403,2047.2814257698856,95,0,0,0,1,1,0,0,0,0,0.05791681259870501,0.163769224582716,0.05791681259870501,TCP
13041933000,0,0,0.068567,1268.8319453964734,87,0,0,0,0,0,0,0,0,0,0.057964146931966005,0.163406423392661,0.057964146931966005,UDP
13056017000,0,0,0.014084,6177.222380005681,87,0,0,0,0,0,0,0,0,0,0.057769987435467005,0.16307051327940902,0.057769987435467005,UDP
13422975000,0,0,0.366958,212.55838542830514,78,0,1,0,0,0,0,0,0,0,0.059132048737110005,0.16399428235242802,0.059132048737110005,TCP
13678240000,0,0,0.25526499999999996,305.5648052024367,78,0,1,0,0,0,0,0,0,0,0.059992280968448004,0.16414672656467302,0.059992280968448004,TCP
13700453000,0,0,0.022213,2971.233061720614,66,0,0,0,0,1,0,0,0,0,0.059827305864558006,0.16380687786113102,0.059827305864558006,TCP
13700672000,0,0,0.00021899999999999998,3109589.04109589,681,0,0,0,1,1,0,0,0,0,0.059568139781122006,0.16349743303015102,0.059568139781122006,TCP
13869838000,0,0,0.16916599999999998,390.1493207855006,66,0,0,0,0,1,0,0,0,0,0.060042588741748004,0.163301756368215,0.060042588741748004,TCP
13870016000,0,0,0.000178,3471910.112359551,618,0,0,0,1,1,0,0,0,0,0.059784552146648004,0.16299662056407002,0.059784552146648004,TCP
13871722000,0,0,0.0017059999999999998,38686.98710433763,66,0,0,0,0,1,0,0,0,0,0.059535287480497,0.162690773639347,0.059535287480497,TCP
13872774000,0,0,0.001052,710076.0456273764,747,0,0,0,1,1,0,0,0,0,0.059285359504895004,0.16238759064840202,0.059285359504895004,TCP
14051141000,0,0,0.178367,370.02360302073816,66,0,0,0,0,1,0,0,0,0,0.059792089462280006,0.16222701189913102,0.059792089462280006,TCP
14051946000,0,0,0.0008049999999999999,849689.4409937888,684,0,0,0,1,1,0,0,0,0,0.05954214475922601,0.161928283892739,0.05954214475922601,TCP
14052923000,0,0,0.000977,67553.73592630502,66,0,0,0,0,1,0,0,0,0,0.05929503360378,0.161630888303154,0.05929503360378,TCP
14053001000,0,0,7.8e-05,846153.8461538461,66,0,0,0,0,1,0,0,0,0,0.05904622338399101,0.161336446311369,0.05904622338399101,TCP
14053765000,0,0,0.0007639999999999999,183246.0732984293,140,0,0,0,1,1,0,0,0,0,0.058802364261579004,0.161042517028733,0.058802364261579004,TCP
14053847000,0,0,8.2e-05,1926829.268292683,158,0,0,0,1,1,0,0,0,0,0.058557696143786,0.160751168604369,0.058557696143786,TCP
14053958000,0,0,0.000111,4909909.90990991,545,0,0,0,1,1,0,0,0,0,0.058315178170738,0.16046130371469702,0.058315178170738,TCP
14053996000,0,0,3.8e-05,37789473.684210524,1436,0,0,0,0,1,0,0,0,0,0.05807436399223301,0.16017306247322602,0.05807436399223301,TCP
14053996000,0,0,0.0,0.0,1436,0,0,0,0,1,0,0,0,0,0.05783537484000201,0.159886378877509,0.05783537484000201,TCP
14053997000,0,0,1e-06,1436000000.0,1436,0,0,0,0,1,0,0,0,0,0.057598348523749,0.159601181620005,0.057598348523749,TCP
14053998000,0,0,1e-06,1436000000.0,1436,0,0,0,0,1,0,0,0,0,0.0573632571162,0.15931745987075702,0.0573632571162,TCP
14053998000,0,0,0.0,0.0,1436,0,0,0,0,1,0,0,0,0,0.057130073144183,0.159035202894617,0.057130073144183,TCP
14053998000,0,0,0.0,0.0,1436,0,0,0,0,1,0,0,0,0,0.056898777301494,0.15875439728301302,0.056898777301494,TCP
14053999000,0,0,1e-06,1436000000.0,1436,0,0,0,0,1,0,0,0,0,0.056669350593320005,0.15847502979069703,0.056669350593320005,TCP
14053999000,0,0,0.0,0.0,1436,0,0,0,0,1,0,0,0,0,0.056441762839933005,0.158197091432687,0.056441762839933005,TCP
14054000000,0,0,1e-06,1436000000.0,1436,0,0,0,0,1,0,0,0,0,0.056216000556945006,0.157920567508819,0.056216000556945006,TCP
14054012000,0,0,1.2e-05,43250000.0,519,0,0,0,1,1,0,0,0,0,0.055992079920977,0.157645433061984,0.055992079920977,TCP
14241865000,0,0,0.187853,351.3385466295455,66,0,0,0,0,1,0,0,0,0,0.056515337928893,0.15755058465361602,0.056515337928893,TCP
14241954000,0,0,8.900000000000001e-05,741573.0337078652,66,0,0,0,0,1,0,0,0,0,0.056292308649055,0.15727876625200501,0.056292308649055,TCP
14242740000,0,0,0.0007859999999999999,178117.04834605596,140,0,0,0,1,1,0,0,0,0,0.05607378013490601,0.157007337491531,0.05607378013490601,TCP
14250504000,0,0,0.007764,8500.772797527048,66,0,0,0,0,1,0,0,0,0,0.055884329477945006,0.15672826388289401,0.055884329477945006,TCP
14261484000,0,0,0.01098,6010.928961748634,66,0,0,0,0,1,0,0,0,0,0.055708922445774,0.15644693126187,0.055708922445774,TCP
14261576000,0,0,9.2e-05,1054347.8260869565,97,0,0,0,1,1,0,0,0,0,0.055492513374595,0.15618065039508902,0.055492513374595,TCP
14415662000,0,0,0.154086,428.33223005334685,66,0,0,0,0,1,0,0,0,0,0.055874659109485005,0.155998020747754,0.055874659109485005,TCP
14435885000,0,0,0.020222999999999998,3263.610740246254,66,0,0,0,0,1,0,0,0,0,0.055737007538784,0.155712273260272,0.055737007538784,TCP
15664851000,0,0,1.228966,82.99660039415248,102,0,0,0,0,0,0,0,0,0,0.060249426731696004,0.171542403164501,0.060249426731696004,UDP
15696640000,0,0,0.031789,2453.678945547202,78,0,1,0,0,0,0,0,0,0,0.060140383197886005,0.17122249053875502,0.060140383197886005,TCP
15848472000,0,0,0.151832,434.6909742346804,66,0,0,0,0,1,0,0,0,0,0.060490351596861,0.17098891925296802,0.060490351596861,TCP
15848932000,0,0,0.00046,1267391.304347826,583,0,0,0,1,1,0,0,0,0,0.06026209896508201,0.17070352197203,0.06026209896508201,TCP
15997904000,0,0,0.148972,1241.8441049324706,185,0,0,0,1,1,0,0,0,0,0.060598121447996006,0.17046703614643402,0.060598121447996006,TCP
15997978000,0,0,7.400000000000001e-05,19405405.405405406,1436,0,0,0,0,1,0,0,0,0,0.060369728196342,0.17018556027911802,0.060369728196342,TCP
15997980000,0,0,2e-06,718000000.0,1436,0,0,0,0,1,0,0,0,0,0.060142782397736,0.169905531587489,0.060142782397736,TCP
15997980000,0,0,0.0,0.0,1436,0,0,0,0,1,0,0,0,0,0.059917528531078006,0.16962684599457,0.059917528531078006,TCP
15997981000,0,0,1e-06,1436000000.0,1436,0,0,0,0,1,0,0,0,0,0.059693959221911,0.16934948913401202,0.059693959221911,TCP
15997982000,0,0,1e-06,1436000000.0,1436,0,0,0,0,1,0,0,0,0,0.059472052138091,0.169073452137481,0.059472052138091,TCP
15997982000,0,0,0.0,0.0,1436,0,0,0,0,1,0,0,0,0,0.05925178527832001,0.168798726208779,0.05925178527832001,TCP
15997983000,0,0,1e-06,1436000000.0,1436,0,0,0,0,1,0,0,0,0,0.059033147523323004,0.16852529892526802,0.059033147523323004,TCP
15997984000,0,0,1e-06,1436000000.0,1436,0,0,0,0,1,0,0,0,0,0.05881611739887901,0.168253161697239,0.05881611739887901,TCP
15997997000,0,0,1.3000000000000001e-05,57307692.30769231,745,0,0,0,1,1,0,0,0,0,0.05860072177845001,0.167982289250021,0.05860072177845001,TCP
16147787000,0,0,0.14979,440.61686360905264,66,0,0,0,0,1,0,0,0,0,0.058933529540570004,0.16776561529210002,0.058933529540570004,TCP
16150037000,0,0,0.0022500000000000003,223555.55555555556,503,0,0,0,1,1,0,0,0,0,0.058727407455444004,0.167495063726736,0.058727407455444004,TCP
16307887000,0,0,0.15785000000000002,418.11846689895475,66,0,0,0,0,1,0,0,0,0,0.059086547381636004,0.167297397449353,0.059086547381636004,TCP
16308572000,0,0,0.000685,96350.36496350366,66,0,0,0,0,1,0,0,0,0,0.058875711385954,0.16703187321680502,0.058875711385954,TCP
16309007000,0,0,0.000435,151724.1379310345,66,0,0,0,0,1,0,0,0,0,0.058665492551789,0.166767890798818,0.058665492551789,TCP
16318719000,0,0,0.009712,6795.716639209226,66,0,0,0,0,1,0,0,0,0,0.058490032790809006,0.166494459499147,0.058490032790809006,TCP
16346560000,0,0,0.027840999999999998,2370.6045041485577,66,0,0,0,0,1,0,0,0,0,0.058380571433476004,0.16620693883345802,0.058380571433476004,TCP
16349786000,0,0,0.0032259999999999997,445133.29200247984,1436,0,0,0,0,1,0,0,0,0,0.058184291968566004,0.16594343911665002,0.058184291968566004,TCP
16349787000,0,0,1e-06,1436000000.0,1436,0,0,0,0,1,0,0,0,0,0.057977968073905005,0.165685054532027,0.057977968073905005,TCP
16349818000,0,0,3.1e-05,23838709.677419353,739,0,0,0,1,1,0,0,0,0,0.05777320844967,0.165427805011005,0.05777320844967,TCP
16557990000,0,0,0.208172,317.0455200507273,66,1,0,0,0,1,0,0,0,0,0.05830278195125901,0.165376434425794,0.05830278195125901,TCP
16558088999,0,0,9.900000000000001e-05,666666.6666666667,66,1,0,0,0,1,0,0,0,0,0.058098557957431005,0.165121916449083,0.058098557957431005,TCP
16673658000,0,0,0.11556899999999999,571.0874023310749,66,0,0,0,0,1,0,0,0,0,0.058299503959975005,0.16486789365632,0.058299503959975005,TCP
16673735000,0,0,7.7e-05,857142.8571428572,66,0,0,0,0,1,0,0,0,0,0.05809663812457801,0.164616171047854,0.05809663812457801,TCP
16676506000,0,0,0.002771,32479.24936845904,90,0,0,0,1,1,0,0,0,0,0.057904534869723,0.164362353242739,0.057904534869723,TCP
16676694999,0,0,0.00018899999999999999,349206.3492063492,66,1,0,0,0,1,0,0,0,0,0.057704827364753006,0.16411274186458003,0.057704827364753006,TCP
16968112999,0,0,0.291418,1760.3579737696366,513,0,0,0,0,0,0,0,0,0,0.058510734295022,0.16440140237921202,0.058510734295022,UDP
16977291000,0,0,0.009178,7191.109174112006,66,0,0,0,0,1,0,0,0,0,0.05834120655387501,0.16414407236901102,0.05834120655387501,TCP
17008675000,0,0,0.031383999999999995,2772.113178689778,87,0,0,0,0,0,0,0,0,0,0.058248887323353,0.163870330278472,0.058248887323353,UDP
17199733000,0,0,0.19105799999999998,450.12509290372554,86,0,0,0,0,0,0,0,0,0,0.05870216047397601,0.16377371076566202,0.05870216047397601,UDP
18206218000,0,0,1.006485,90.41366736712419,91,0,0,0,0,0,0,0,0,0,0.061925911579002006,0.172556138653943,0.061925911579002006,UDP
18206251000,0,0,3.3e-05,2757575.7575757573,91,0,0,0,0,0,0,0,0,0,0.061716105574268,0.17230098123706902,0.061716105574268,UDP
18288652000,0,0,0.082401,946.5904539993446,78,0,1,0,0,0,0,0,0,0,0.061785986294617005,0.172013873487596,0.061785986294617005,TCP
18330608000,0,0,0.041956,1573.076556392411,66,0,0,0,0,1,0,0,0,0,0.06171921929125,0.171727885602439,0.06171921929125,TCP
18332704000,0,0,0.0020959999999999998,324904.5801526717,681,0,0,0,1,1,0,0,0,0,0.061519141165202004,0.171474180794202,0.061519141165202004,TCP
18409265000,0,0,0.07656099999999999,862.0577056203549,66,0,0,0,0,1,0,0,0,0,0.061569448298833006,0.171189397297545,0.061569448298833006,TCP
18409639000,0,0,0.000374,176470.58823529413,66,0,0,0,0,1,0,0,0,0,0.061365463733673006,0.170940238141143,0.061365463733673006,TCP
18410248000,0,0,0.000609,108374.38423645322,66,0,0,0,0,1,0,0,0,0,0.061163614754660006,0.17069185578041002,0.061163614754660006,TCP
18411014000,0,0,0.000766,86161.87989556136,66,0,0,0,0,1,0,0,0,0,0.060963622781614005,0.170444339312379,0.060963622781614005,TCP
18432867000,0,0,0.021852999999999997,6406.443051297304,140,0,0,0,1,1,0,0,0,0,0.06083454472003501,0.17017762979189902,0.06083454472003501,TCP
18434955000,0,0,0.002088,75670.49808429119,158,0,0,0,1,1,0,0,0,0,0.06064129973712701,0.16993079838958502,0.06064129973712701,TCP
18435526000,0,0,0.000571,1017513.1348511383,581,0,0,0,1,1,0,0,0,0,0.060444347975683,0.16968674500067701,0.060444347975683,TCP
18473998000,0,0,0.038472,1715.5333749220213,66,0,0,0,0,1,0,0,0,0,0.060372542711644,0.169413893478874,0.060372542711644,TCP
18474336000,0,0,0.000338,286982.2485207101,97,0,0,0,1,1,0,0,0,0,0.060176990707844005,0.169172338473129,0.060176990707844005,TCP
18476369000,0,0,0.002033,32464.338416133793,66,0,0,0,0,1,0,0,0,0,0.059988211501728006,0.16892987037107202,0.059988211501728006,TCP
18514776000,0,0,0.038407,1718.4367433020025,66,0,0,0,0,1,0,0,0,0,0.059918368904335,0.168660753581748,0.059918368904335,TCP
18515970000,0,0,0.001194,55276.38190954774,66,0,0,0,0,1,0,0,0,0,0.059728935457045,0.168421422426131,0.059728935457045,TCP
18516693000,0,0,0.000723,145228.21576763486,105,0,0,0,1,1,0,0,0,0,0.059539206158309,0.168183609143981,0.059539206158309,TCP
18697222000,0,0,0.180529,581.6240050075057,105,0,0,0,1,1,0,0,0,0,0.059926993571794006,0.168053071672412,0.059926993571794006,TCP
19296350000,0,0,0.599128,110.1600993443805,66,0,0,0,0,1,0,0,0,0,0.061649680518494,0.17052129571628202,0.061649680518494,TCP
19296624000,0,0,0.000274,343065.6934306569,94,0,0,0,1,1,0,0,0,0,0.061454216386102004,0.170284665485455,0.061454216386102004,TCP
19919925000,0,0,0.623301,823.0373447178811,513,0,0,0,0,0,0,0,0,0,0.063237857061719,0.172927051693079,0.063237857061719,UDP
19960983000,0,0,0.041058,2118.953675288616,87,0,0,0,0,0,0,0,0,0,0.063167667841609,0.172657710209445,0.063167667841609,UDP
19974101000,0,0,0.013118,6632.1085531331,87,0,0,0,0,0,0,0,0,0,0.063009782544445,0.17240801041053402,0.063009782544445,UDP
20383686000,0,0,0.409585,161.13871357593663,66,1,0,0,0,1,0,0,0,0,0.064099641715955,0.173226958350245,0.064099641715955,TCP
20426877000,0,0,0.043191,1528.0961311384317,66,0,0,0,0,1,0,0,0,0,0.06403409724698901,0.172959179015788,0.06403409724698901,TCP
21976491000,0,0,1.549614,42.591251756889136,66,0,0,0,0,1,0,0,0,0,0.06867653429508201,0.19156344210238402,0.06867653429508201,TCP
21976832000,0,0,0.000341,275659.8240469208,94,0,0,0,1,1,0,0,0,0,0.068463651562034,0.19130273121666802,0.068463651562034,TCP
23921377000,0,0,1.944545,33.94110190301587,66,0,0,0,0,1,0,0,0,0,0.074289990508038,0.21766905821551702,0.074289990508038,TCP
23921678000,0,0,0.000301,312292.3588039867,94,0,0,0,1,1,0,0,0,0,0.074060922805738,0.217370715936016,0.074060922805738,TCP
23924355000,0,0,0.0026769999999999997,24654.46395218528,66,0,0,0,0,1,0,0,0,0,0.073840601944629,0.217071125579532,0.073840601944629,TCP
23926390000,0,0,0.002035,252088.4520884521,513,0,0,0,0,0,0,0,0,0,0.073619661331176,0.21677339623334602,0.073619661331176,UDP
24037955000,0,0,0.111565,779.8144579393179,87,0,0,0,0,0,0,0,0,0,0.073736058422392,0.216450837925446,0.073736058422392,UDP
24052505000,0,0,0.01455,5979.381443298969,87,0,0,0,0,0,0,0,0,0,0.073555061212008,0.21614432648665102,0.073555061212008,UDP
24979603000,0,0,0.927098,78.74032734403482,73,0,0,0,0,0,0,0,0,0,0.076157326378473,0.22088528512502903,0.076157326378473,UDP
24979663000,0,0,6.000000000000001e-05,1216666.6666666667,73,0,0,0,0,0,0,0,0,0,0.075926027761766,0.22058911591709002,0.075926027761766,UDP
25090746000,0,0,0.111083,11630.942628485007,1292,0,0,0,0,0,0,0,0,0,0.076032564134308,0.22026311312700902,0.076032564134308,UDP
25107563000,0,0,0.016817,76827.02027710056,1292,0,0,0,0,0,0,0,0,0,0.075853664709362,0.21995414777645703,0.075853664709362,UDP
25107649000,0,0,8.6e-05,2418604.6511627906,208,0,0,0,0,0,0,0,0,0,0.07562544905995701,0.219661885683119,0.07562544905995701,UDP
25108560000,0,0,0.0009109999999999999,1149286.4983534578,1047,0,0,0,0,0,0,0,0,0,0.075401081337227,0.21936991193271702,0.075401081337227,UDP
25123550000,0,0,0.014990000000000002,5737.158105403602,86,0,0,0,0,0,0,0,0,0,0.075220209395814,0.219066133691903,0.075220209395814,UDP
25124967000,0,0,0.0014169999999999999,62808.750882145374,89,0,0,0,0,0,0,0,0,0,0.074999901785779,0.218775977027014,0.074999901785779,UDP
25171734000,0,0,0.046766999999999996,1838.9035003314302,86,0,0,0,0,0,0,0,0,0,0.07491587528160601,0.218455588587633,0.07491587528160601,UDP
25372576000,0,0,0.200842,423.21825116260544,85,0,0,0,0,0,0,0,0,0,0.07528954302168,0.218238741378413,0.07528954302168,UDP
25372678000,0,0,0.000102,833333.3333333334,85,0,0,0,0,0,0,0,0,0,0.075067094797213,0.217953922653139,0.075067094797213,UDP
25403029000,0,0,0.030351,2833.5145464729335,86,0,0,0,0,0,0,0,0,0,0.074935188687304,0.21764573003338802,0.074935188687304,UDP
25585435000,0,0,0.18240599999999998,361.8302029538502,66,0,0,0,0,1,0,0,0,0,0.075251279858981,0.21740333939785902,0.075251279858981,TCP
25591364000,0,0,0.005928999999999999,17203.575645134086,102,0,0,0,1,1,0,0,0,0,0.075047988695832,0.217116693358911,0.075047988695832,TCP
25914800000,0,0,0.323436,284.4457636132032,92,0,0,0,0,0,0,0,0,0,0.075774269494396,0.21721347852164902,0.075774269494396,UDP
25914880000,0,0,8e-05,1150000.0,92,0,0,0,0,0,0,0,0,0,0.075553586114599,0.21693500197836002,0.075553586114599,UDP
25962795000,0,0,0.047915,1544.4015444015445,74,0,0,0,0,0,0,0,0,0,0.07547324133473701,0.216624570648791,0.07547324133473701,UDP
25962860000,0,0,6.500000000000001e-05,1138461.5384615385,74,0,0,0,0,0,0,0,0,0,0.07525466697803401,0.216348379097686,0.07525466697803401,UDP
26004137000,0,0,0.041277,1889.672214550476,78,0,1,0,0,0,0,0,0,0,0.07515646543116901,0.21604321074490002,0.07515646543116901,TCP
26004199000,0,0,6.2e-05,1258064.5161290322,78,0,1,0,0,0,0,0,0,0,0.07494005483577801,0.21576923826975103,0.07494005483577801,TCP
26015776000,0,0,0.011576999999999999,5700.958797615963,66,0,0,0,0,1,0,0,0,0,0.074757977463733,0.21548569634802803,0.074757977463733,TCP
26016489000,0,0,0.000713,1311360.4488078542,935,0,0,0,1,1,0,0,0,0,0.074545813836477,0.21521315257283502,0.074545813836477,TCP
26113883000,0,0,0.097394,677.659814772984,66,0,0,0,0,1,0,0,0,0,0.07461109433855301,0.21490894557377901,0.07461109433855301,TCP
26114185000,0,0,0.00030199999999999997,218543.04635761588,66,0,0,0,0,1,0,0,0,0,0.074399387734568,0.21463913470202703,0.074399387734568,TCP
26117065000,0,0,0.00288,50694.44444444444,146,0,0,0,1,1,0,0,0,0,0.074196207252415,0.214367832645069,0.074196207252415,TCP
26117525000,0,0,0.00046,343478.2608695652,158,0,0,0,1,1,0,0,0,0,0.073987323231467,0.21409985111296,0.073987323231467,TCP
26117812000,0,0,0.000287,5003484.320557492,1436,0,0,0,0,1,0,0,0,0,0.073779130386093,0.21383301612924402,0.073779130386093,TCP
26117827000,0,0,1.5000000000000002e-05,8733333.333333334,131,0,0,0,1,1,0,0,0,0,0.07357134348909601,0.21356741629414702,0.07357134348909601,TCP
26130088000,0,0,0.012261,5382.921458282359,66,0,0,0,0,1,0,0,0,0,0.07339912385083301,0.21329193505468602,0.07339912385083301,TCP
26130707000,0,0,0.000619,106623.58642972537,66,0,0,0,0,1,0,0,0,0,0.073195257774588,0.21302772772055,0.073195257774588,TCP
26131629000,0,0,0.000922,105206.0737527115,97,0,0,0,1,1,0,0,0,0,0.072993377067523,0.212764190028808,0.072993377067523,TCP
26131901000,0,0,0.000272,242647.05882352943,66,0,0,0,0,1,0,0,0,0,0.072790810656746,0.212502221273581,0.072790810656746,TCP
26149564000,0,0,0.017662999999999998,3736.6245824605103,66,0,0,0,0,1,0,0,0,0,0.072637677854961,0.212226708550588,0.072637677854961,TCP
26151021000,0,0,0.001457,533287.5772134523,777,0,0,0,1,1,0,0,0,0,0.072440501395354,0.21196557992390702,0.072440501395354,TCP
26353387000,0,0,0.202366,326.14174317820186,66,0,0,0,0,1,0,0,0,0,0.07279941192648001,0.21178242500745,0.07279941192648001,TCP
26354325000,0,0,0.0009379999999999999,898720.6823027718,843,0,0,0,1,1,0,0,0,0,0.072601446435471,0.21152405011754502,0.072601446435471,TCP
26633871000,0,0,0.27954599999999996,236.09710029834088,66,0,0,0,0,1,0,0,0,0,0.07316997549036,0.21151084088149302,0.07316997549036,TCP
26635736000,0,0,0.001865,35388.7399463807,66,0,0,0,0,1,0,0,0,0,0.072974619146895,0.21125378308963402,0.072974619146895,TCP
26635854000,0,0,0.000118,559322.0338983051,66,0,0,0,0,1,0,0,0,0,0.07277555739293301,0.21099926384067802,0.07277555739293301,TCP
26636090000,0,0,0.000236,593220.3389830509,140,0,0,0,1,1,0,0,0,0,0.072577902016912,0.21074552977497202,0.072577902016912,TCP
26636194000,0,0,0.000104,1519230.7692307692,158,0,0,0,1,1,0,0,0,0,0.07238096193127,0.210492810370553,0.07238096193127,TCP
26636315000,0,0,0.000121,4495867.768595042,544,0,0,0,1,1,0,0,0,0,0.072185135792264,0.210240960473139,0.072185135792264,TCP
26636337000,0,0,2.2000000000000003e-05,65272727.27272727,1436,0,0,0,0,1,0,0,0,0,0.071990100113121,0.209990082984675,0.071990100113121,TCP
26636344000,0,0,7e-06,128428571.42857143,899,0,0,0,1,1,0,0,0,0,0.07179607535308201,0.20974009423261303,0.07179607535308201,TCP
26928402000,0,0,0.292058,1756.500421149224,513,0,0,0,0,0,0,0,0,0,0.07238817727693901,0.20976825050838901,0.07238817727693901,UDP
26932615000,0,0,0.004213,15665.79634464752,66,0,0,0,0,1,0,0,0,0,0.072205402256656,0.20951653028083403,0.072205402256656,TCP
26932857000,0,0,0.000242,400826.4462809917,97,0,0,0,1,1,0,0,0,0,0.07201298672885101,0.20926923850539303,0.07201298672885101,TCP
26976573000,0,0,0.043716,1990.118034586879,87,0,0,0,0,0,0,0,0,0,0.07193752797444601,0.20899512142224902,0.07193752797444601,UDP
26994443000,0,0,0.01787,4868.494683827644,87,0,0,0,0,0,0,0,0,0,0.071793731222761,0.20873559206348902,0.071793731222761,UDP
27158565000,0,0,0.164122,402.1398715589623,66,0,0,0,0,1,0,0,0,0,0.07203863407003401,0.20851265466267202,0.07203863407003401,TCP
27712280000,0,0,0.553715,142.67267457085325,79,0,0,0,0,0,0,0,0,0,0.07331291014555201,0.209701387976189,0.07331291014555201,UDP
29954063000,0,0,2.241783,59.77384965449377,134,0,0,0,1,1,0,0,0,0,0.07903446685670201,0.23713483884427303,0.07903446685670201,TCP
29998012000,0,0,0.043948999999999995,23823.067646590363,1047,0,0,0,0,0,0,0,0,0,0.078942137015493,0.23682943502293402,0.078942137015493,UDP
30005634000,0,0,0.0076219999999999994,17580.687483600104,134,0,0,0,1,1,0,0,0,0,0.07875494506415401,0.23654657835857001,0.07875494506415401,TCP
30017153000,0,0,0.011519,11632.954249500825,134,0,0,0,1,1,0,0,0,0,0.078578934619564,0.23626174004139103,0.078578934619564,TCP
30018937000,0,0,0.001784,75112.10762331838,134,0,0,0,1,1,0,0,0,0,0.07837842587702501,0.23598564476588002,0.07837842587702501,TCP
30052857000,0,0,0.033920000000000006,3950.471698113208,134,0,0,0,1,1,0,0,0,0,0.078262648855646,0.23568906289302902,0.078262648855646,TCP
30211822000,0,0,0.158965,842.952851256566,134,0,0,0,1,1,0,0,0,0,0.07847226502059301,0.23541861212249401,0.07847226502059301,TCP
30307651000,0,0,0.095829,886.9966294128083,85,0,0,0,0,0,0,0,0,0,0.078517230681187,0.235115123414143,0.078517230681187,UDP
30307807000,0,0,0.000156,544871.7948717949,85,0,0,0,0,0,0,0,0,0,0.078314746689118,0.23484485743042502,0.078314746689118,UDP
30337621000,0,0,0.029814,2884.5508821359094,86,0,0,0,0,0,0,0,0,0,0.078189744777286,0.234554917909771,0.078189744777286,UDP
30403142000,0,0,0.065521,1007.3106332320936,66,1,0,0,0,1,0,0,0,0,0.07815717731466,0.23425411781537203,0.07815717731466,TCP
30416635000,0,0,0.013493,4891.425183428444,66,0,0,0,0,1,0,0,0,0,0.07799137188838001,0.233976453465773,0.07799137188838001,TCP
30554535000,0,0,0.1379,478.60768672951417,66,0,0,0,0,1,0,0,0,0,0.07814459117782001,0.23369664896317702,0.07814459117782001,TCP
30554670000,0,0,0.000135,696296.2962962963,94,0,0,0,1,1,0,0,0,0,0.07794558697817201,0.233431545933578,0.07794558697817201,TCP
30924111000,0,0,0.36944099999999996,1388.5843747716144,513,0,0,0,0,0,0,0,0,0,0.07868730566883801,0.23359642972784703,0.07868730566883801,UDP
30950977000,0,0,0.026865999999999998,3238.2937541874485,87,0,0,0,0,0,0,0,0,0,0.07855577940868201,0.23331436922190102,0.07855577940868201,UDP
30966431000,0,0,0.015453999999999999,5629.610456839653,87,0,0,0,0,0,0,0,0,0,0.07839602820480901,0.23304042204940603,0.07839602820480901,UDP
31564141000,0,0,0.5977100000000001,110.42144183634204,66,1,0,0,0,1,0,0,0,0,0.079707426856262,0.23420077933310202,0.079707426856262,TCP
31718575000,0,0,0.154434,427.3670305761685,66,0,0,0,0,1,0,0,0,0,0.07989565491376001,0.23393561939113502,0.07989565491376001,TCP
32373933000,0,0,0.655358,1971.4415632371924,1292,0,0,0,0,0,0,0,0,0,0.08134154039411601,0.235410989544539,0.08134154039411601,UDP
32411327999,0,0,0.037395,5642.4655702634045,211,0,0,0,0,0,0,0,0,0,0.081231398690015,0.235126070749879,0.081231398690015,UDP
32411509000,0,0,0.00018099999999999998,7104972.375690607,1286,0,0,0,0,0,0,0,0,0,0.08102877259254401,0.23486685664483803,0.08102877259254401,UDP
32411518000,0,0,9e-06,143555555.55555555,1292,0,0,0,0,0,0,0,0,0,0.080826728421256,0.23460862493459203,0.080826728421256,UDP
32411527999,0,0,1e-05,129199999.99999999,1292,0,0,0,0,0,0,0,0,0,0.08062569181717401,0.23435122182480703,0.08062569181717401,UDP
32411541000,0,0,1.3000000000000001e-05,99384615.38461539,1292,0,0,0,0,0,0,0,0,0,0.08042566001267301,0.23409464141882003,0.08042566001267301,UDP
32411552999,0,0,1.2e-05,107666666.66666666,1292,0,0,0,0,0,0,0,0,0,0.08022661669419501,0.23383888253032503,0.08022661669419501,UDP
32411572000,0,0,1.9000000000000004e-05,68000000.0,1292,0,0,0,0,0,0,0,0,0,0.080028572788944,0.23358393467881902,0.080028572788944,UDP
32411578000,0,0,6e-06,215333333.3333333,1292,0,0,0,0,0,0,0,0,0,0.07983147275858901,0.23332981020836402,0.07983147275858901,UDP
32411585000,0,0,7e-06,184571428.57142857,1292,0,0,0,0,0,0,0,0,0,0.079635344207726,0.23307649302219602,0.079635344207726,UDP
32411602000,0,0,1.7e-05,76000000.0,1292,0,0,0,0,0,0,0,0,0,0.079440201030058,0.23282397181901002,0.079440201030058,UDP
32411609000,0,0,7e-06,134428571.42857143,941,0,0,0,0,0,0,0,0,0,0.07924598761467501,0.23257225906762002,0.07924598761467501,UDP
32423732000,0,0,0.012123,7093.953641837829,86,0,0,0,0,0,0,0,0,0,0.07908227327393301,0.23231205604992403,0.07908227327393301,UDP
32425305000,0,0,0.001573,56579.78385251113,89,0,0,0,0,0,0,0,0,0,0.07889368644305901,0.23206068573096703,0.07889368644305901,UDP
32462736999,0,0,0.037432,2297.4994656977988,86,0,0,0,0,0,0,0,0,0,0.078793051173386,0.231787866628577,0.078793051173386,UDP
32563865999,0,0,0.101129,850.3989953425822,86,0,0,0,0,0,0,0,0,0,0.078847133507162,0.23150968433176902,0.078847133507162,UDP
32596787000,0,0,0.032921,2612.314328240333,86,0,0,0,0,0,0,0,0,0,0.078736200424784,0.231240903969945,0.078736200424784,UDP
33013046000,0,0,0.416259,189.7856863154911,79,0,0,0,0,0,0,0,0,0,0.07954950849693901,0.23155421656149902,0.07954950849693901,UDP
33013284000,0,0,0.00023799999999999998,331932.77310924366,79,0,0,0,0,0,0,0,0,0,0.07935885569223901,0.231308348224766,0.07935885569223901,UDP
33050973000,0,0,0.037689,2069.5693703733186,78,0,1,0,0,0,0,0,0,0,0.07925892791016201,0.23103982356319402,0.07925892791016201,TCP
33209691999,0,0,0.158719,415.8292327950655,66,0,0,0,0,1,0,0,0,0,0.07944902392665701,0.230795942504806,0.07944902392665701,TCP
33210451999,0,0,0.00076,1398684.2105263157,1063,0,0,0,1,1,0,0,0,0,0.079261222147429,0.23055233984664902,0.079261222147429,TCP
33451698000,0,0,0.241246,273.57966556958456,66,0,0,0,0,1,0,0,0,0,0.079646900154295,0.230412995663782,0.079646900154295,TCP
33454858000,0,0,0.00316,44303.79746835443,140,0,0,0,1,1,0,0,0,0,0.07946522105617901,0.23016930023042803,0.07946522105617901,TCP
33455190000,0,0,0.000332,475903.6144578313,158,0,0,0,1,1,0,0,0,0,0.07927770128747201,0.2299286206794,0.07927770128747201,TCP
33455423000,0,0,0.000233,3437768.2403433477,801,0,0,0,1,1,0,0,0,0,0.07909083479121501,0.229688756737517,0.07909083479121501,TCP
33455453000,0,0,3.0000000000000004e-05,47866666.666666664,1436,0,0,0,0,1,0,0,0,0,0.078904370654304,0.22944978861537302,0.078904370654304,TCP
33455460000,0,0,7e-06,39857142.85714286,279,0,0,0,1,1,0,0,0,0,0.078718729580149,0.229211565729065,0.078718729580149,TCP
33508826000,0,0,0.053366,26908.518532398906,1436,0,0,0,0,1,0,0,0,0,0.07865921600323801,0.22894566747357803,0.07865921600323801,TCP
33535404000,0,0,0.026577999999999997,2483.2568289562796,66,0,0,0,0,1,0,0,0,0,0.07853724582413,0.228691280470763,0.07853724582413,TCP
33535774000,0,0,0.00037000000000000005,262162.1621621622,97,0,0,0,1,1,0,0,0,0,0.078354612132099,0.228455135226686,0.078354612132099,TCP
33550446000,0,0,0.014672,4498.364231188659,66,0,0,0,0,1,0,0,0,0,0.078206167910204,0.228209379731304,0.078206167910204,TCP
33697777000,0,0,0.147331,447.9708954666703,66,0,0,0,0,1,0,0,0,0,0.07836692333221401,0.22796818238821,0.07836692333221401,TCP
33698112000,0,0,0.000335,197014.92537313432,66,0,0,0,0,1,0,0,0,0,0.07818587473539601,0.22773451233576802,0.07818587473539601,TCP
33700910000,0,0,0.0027979999999999997,37526.80486061472,105,0,0,0,1,1,0,0,0,0,0.078011365952315,0.227499626874913,0.078011365952315,TCP
33701909999,0,0,0.001,70000.0,70,0,0,0,0,0,0,0,0,0,0.077833510436306,0.22726683975256,0.077833510436306,UDP
33702053000,0,0,0.000143,489510.4895104895,70,0,0,0,0,0,0,0,0,0,0.07765450016144701,0.227035420323753,0.07765450016144701,UDP
33727414000,0,0,0.025360999999999998,3075.588502030677,78,0,1,0,0,0,0,0,0,0,0.077534285358998,0.226788138212439,0.077534285358998,TCP
33768110000,0,0,0.040695999999999996,1621.7810104187142,66,0,0,0,0,1,0,0,0,0,0.077449793662499,0.22653476500930902,0.077449793662499,TCP
33768850000,0,0,0.0007400000000000001,848648.6486486486,628,0,0,0,1,1,0,0,0,0,0.07727425649455201,0.226305107900229,0.07727425649455201,TCP
33927138000,0,0,0.15828799999999998,3240.9279288385724,513,0,0,0,0,0,0,0,0,0,0.077459219383866,0.22607968781387602,0.077459219383866,UDP
33972960999,0,0,0.045822999999999996,1440.3247277568032,66,0,0,0,0,1,0,0,0,0,0.07738715478119301,0.22582708342215002,0.07738715478119301,TCP
33974052999,0,0,0.0010919999999999999,60439.56043956043,66,0,0,0,0,1,0,0,0,0,0.07721375714648801,0.225599571480178,0.07721375714648801,TCP
33974141000,0,0,8.800000000000001e-05,750000.0,66,0,0,0,0,1,0,0,0,0,0.077038868754899,0.225373503164557,0.077038868754899,TCP
33975294000,0,0,0.001153,57241.9774501301,66,0,0,0,0,1,0,0,0,0,0.076867181251491,0.225147281419581,0.076867181251491,TCP
33975330999,0,0,3.7000000000000005e-05,2108108.1081081084,78,0,0,0,0,1,0,0,0,0,0.076693749589252,0.224922577203701,0.076693749589252,TCP
33975366000,0,0,3.5000000000000004e-05,1885714.285714286,66,0,0,0,0,1,0,0,0,0,0.076521094854887,0.22469853047899002,0.076521094854887,TCP
33981066000,0,0,0.0057,24561.403508771928,140,0,0,0,1,1,0,0,0,0,0.076361946041664,0.22447096915220102,0.076361946041664,TCP
33981538999,0,0,0.000473,334038.0549682875,158,0,0,0,1,1,0,0,0,0,0.076191791504487,0.224247907601432,0.076191791504487,TCP
33981738000,0,0,0.00019899999999999999,1517587.9396984924,302,0,0,0,1,1,0,0,0,0,0.076021785437394,0.224025702151945,0.076021785437394,TCP
33981772999,0,0,3.5000000000000004e-05,10485714.285714287,367,0,0,0,1,1,0,0,0,0,0.075852172183138,0.22380426517447302,0.075852172183138,TCP
33991709999,0,0,0.009937,8755.157492200866,87,0,0,0,0,0,0,0,0,0,0.075705367366561,0.22357649453402803,0.075705367366561,UDP
34007806000,0,0,0.016096,5405.069582504971,87,0,0,0,0,0,0,0,0,0,0.07557290236155101,0.22334557641348501,0.07557290236155101,UDP
34036690999,0,0,0.028884999999999997,2284.9229703998612,66,0,0,0,0,1,0,0,0,0,0.07546938126473,0.22310863522791302,0.07546938126473,TCP
34036875000,0,0,0.000184,527173.9130434783,97,0,0,0,1,1,0,0,0,0,0.075302820817559,0.222889766021269,0.075302820817559,TCP
34105722999,0,0,0.06884799999999999,958.633511503602,66,0,0,0,0,1,0,0,0,0,0.075288572058772,0.22264382099464203,0.075288572058772,TCP
34106937000,0,0,0.001214,54365.73311367381,66,0,0,0,0,1,0,0,0,0,0.075125411743634,0.22242559396740602,0.075125411743634,TCP
34115191000,0,0,0.008254,12721.104918827237,105,0,0,0,1,1,0,0,0,0,0.07497844172048,0.22220310337725802,0.07497844172048,TCP
34115299999,0,0,0.00010899999999999999,926605.5045871559,101,0,0,0,1,1,0,0,0,0,0.07481425425462501,0.22198695463359103,0.07481425425462501,TCP
35387500000,0,0,1.2722,51.878635434680085,66,1,0,0,0,1,0,0,0,0,0.07743435459011701,0.22869364748689303,0.07743435459011701,TCP
35387704000,0,0,0.000204,323529.4117647059,66,1,0,0,0,1,0,0,0,0,0.07726572955019001,0.228472285126938,0.07726572955019001,TCP
35580161000,0,0,0.192457,342.93374623941975,66,0,0,0,0,1,0,0,0,0,0.077516690838051,0.22828645610955403,0.077516690838051,TCP
35580277000,0,0,0.000116,568965.5172413794,66,0,0,0,0,1,0,0,0,0,0.077348428187162,0.228066675686235,0.077348428187162,TCP
37562335000,0,0,1.9820579999999999,27.244409598508216,54,0,0,0,0,1,0,0,0,0,0.08148011933697001,0.24444668139969203,0.08148011933697001,TCP
37646855000,0,0,0.08452000000000001,780.8802650260294,66,0,0,0,0,1,0,0,0,0,0.081486699385044,0.24418202627385202,0.081486699385044,TCP
37661761000,0,0,0.014905999999999999,6842.882060915067,102,0,0,0,1,1,0,0,0,0,0.08134289642647001,0.24393777154865903,0.08134289642647001,TCP
37849895000,0,0,0.188134,414.598105605579,78,0,1,0,0,0,0,0,0,0,0.08157304956995201,0.24372508448962402,0.08157304956995201,TCP
37938638000,0,0,0.088743,5780.737635644501,513,0,0,0,0,0,0,0,0,0,0.08158846875672701,0.24346310001401103,0.08158846875672701,UDP
37960771000,0,0,0.022133,3930.782090091718,87,0,0,0,0,0,0,0,0,0,0.081460882154145,0.24321729475723403,0.081460882154145,UDP
37999043000,0,0,0.038272,2273.2023411371238,87,0,0,0,0,0,0,0,0,0,0.08136840040219101,0.242964953475085,0.08136840040219101,UDP
38104888000,0,0,0.105845,736.9266380084085,78,0,1,0,0,0,0,0,0,0,0.08142070077423301,0.242707868291644,0.08142070077423301,TCP
38167606000,0,0,0.062718,1052.3294747919258,66,0,0,0,0,1,0,0,0,0,0.08138082327364801,0.24245051461873002,0.08138082327364801,TCP
38168301000,0,0,0.000695,94964.02877697842,66,0,0,0,0,1,0,0,0,0,0.081209151288296,0.242220984729684,0.081209151288296,TCP
38169866000,0,0,0.001565,60702.87539936102,95,0,0,0,1,1,0,0,0,0,0.081040055382277,0.24199148221132302,0.081040055382277,TCP
38171692000,0,0,0.001826,425520.26286966045,777,0,0,0,1,1,0,0,0,0,0.080872229095232,0.24176243701810002,0.080872229095232,TCP
38307186000,0,0,0.135494,487.10644013757064,66,0,0,0,0,1,0,0,0,0,0.080987708513126,0.24151977004361602,0.080987708513126,TCP
38307610000,0,0,0.000424,1757075.4716981133,745,0,0,0,1,1,0,0,0,0,0.080817742689752,0.241293184028105,0.080817742689752,TCP
38314516000,0,0,0.006906,9556.907037358818,66,0,0,0,0,1,0,0,0,0,0.08066213908948301,0.24106286296123702,0.08066213908948301,TCP
38315751000,0,0,0.001235,682591.0931174089,843,0,0,0,1,1,0,0,0,0,0.080495275369211,0.24083697181059,0.080495275369211,TCP
38691883000,0,0,0.37613199999999997,175.47031361330596,66,0,0,0,0,1,0,0,0,0,0.08111505888293101,0.24096409527765003,0.08111505888293101,TCP
38694179000,0,0,0.002296,28745.644599303138,66,0,0,0,0,1,0,0,0,0,0.080950165393462,0.24073884732599302,0.080950165393462,TCP
38694237000,0,0,5.8e-05,13982758.620689655,811,0,0,0,1,1,0,0,0,0,0.08078128808724301,0.24051576435394703,0.08078128808724301,TCP
38694302000,0,0,6.500000000000001e-05,1015384.6153846155,66,0,0,0,0,1,0,0,0,0,0.080613129337628,0.24029328214098203,0.080613129337628,TCP
38696313000,0,0,0.0020109999999999998,69617.105917454,140,0,0,0,1,1,0,0,0,0,0.08044971547354701,0.240070064845185,0.08044971547354701,TCP
38696570000,0,0,0.000257,614785.9922178988,158,0,0,0,1,1,0,0,0,0,0.08028334057677301,0.23984865758931703,0.08028334057677301,TCP
38696842000,0,0,0.000272,2000000.0,544,0,0,0,1,1,0,0,0,0,0.080117685207422,0.239627838833594,0.080117685207422,TCP
38696908000,0,0,6.6e-05,21757575.757575754,1436,0,0,0,0,1,0,0,0,0,0.07995228925027101,0.23940775789690102,0.07995228925027101,TCP
38696911000,0,0,3e-06,478666666.6666666,1436,0,0,0,0,1,0,0,0,0,0.079787445559944,0.23918831287081102,0.079787445559944,TCP
38696913000,0,0,2e-06,718000000.0,1436,0,0,0,0,1,0,0,0,0,0.079623277785846,0.238969458444573,0.079623277785846,TCP
38696930000,0,0,1.7e-05,13941176.470588235,237,0,0,0,1,1,0,0,0,0,0.07945981505470301,0.238751180970345,0.07945981505470301,TCP
38705076000,0,0,0.008146,8102.136017677387,66,0,0,0,0,1,0,0,0,0,0.079313680285313,0.23852823489941502,0.079313680285313,TCP
38706962000,0,0,0.0018859999999999999,65747.6139978791,124,0,0,0,1,1,0,0,0,0,0.07915534173540201,0.23830988728121802,0.07915534173540201,TCP
38838102000,0,0,0.13114,503.278938538966,66,0,0,0,0,1,0,0,0,0,0.079261432861795,0.23807814893769602,0.079261432861795,TCP
38838370000,0,0,0.000268,361940.29850746266,97,0,0,0,1,1,0,0,0,0,0.07910055007079901,0.23786224473220302,0.07910055007079901,TCP
38838570000,0,0,0.0002,330000.0,66,0,0,0,0,1,0,0,0,0,0.07894018316656501,0.237646960718382,0.07894018316656501,TCP
38839475000,0,0,0.000905,1586740.3314917127,1436,0,0,0,0,1,0,0,0,0,0.078781896865875,0.237431777232386,0.078781896865875,TCP
38839507000,0,0,3.2000000000000005e-05,3031250.0,97,0,0,0,1,1,0,0,0,0,0.078622484014101,0.237217748236234,0.078622484014101,TCP
38840072000,0,0,0.000565,171681.41592920356,97,0,0,0,1,1,0,0,0,0,0.07846479223232,0.23700393012271,0.07846479223232,TCP
38852206000,0,0,0.012133999999999999,5439.261579034119,66,0,0,0,0,1,0,0,0,0,0.078331060467227,0.23678358865794702,0.078331060467227,TCP
38852311000,0,0,0.00010499999999999999,628571.4285714285,66,0,0,0,0,1,0,0,0,0,0.07817366425420101,0.236571227652307,0.07817366425420101,TCP
38853333000,0,0,0.001022,136986.30136986304,140,0,0,0,1,1,0,0,0,0,0.07801874095656301,0.23635882244193102,0.07801874095656301,TCP
39005336000,0,0,0.152003,434.2019565403314,66,0,0,0,0,1,0,0,0,0,0.07816700610464701,0.23614505153064802,0.07816700610464701,TCP
